Product_ID,Product Name,Category,Brand,Source,Price (INR),Product Description,Specifications & Warranty,Source URL
Elec-01,boAt Airdopes 141 Gen 2 TWS Earbuds,Electronics,boAt,Amazon India,999,"True wireless earbuds with 48-hour total playback, 4-mic ENx tech for crystal-clear calls, Beast Mode low-latency gaming, and IPX4 sweat resistance.",Drivers: 6mm | BT: v5.4 | Playback: 48 hrs (buds+case) | Fast Charge: 10 min = 180 min | IPX4 | Warranty: 1 Year,https://www.amazon.in/boAt-Airdopes-141-Streaming-Bluetooth/dp/B0F8BVSK21/
Elec-02,Belkin 10000 mAh Power Bank USB-C PD 15W,Electronics,Belkin,Amazon India,1999,"Compact 10,000 mAh power bank with USB-C PD port, charges 3 devices simultaneously at up to 15W, includes USB-A to USB-C cable.","Capacity: 10,000 mAh | Ports: 2x USB-A + 1x USB-C | Max Output: 15W | LED Indicator | Warranty: 2 Years + $2500 Connected Equipment Warranty",https://www.amazon.in/Belkin-Charges-Devices-simultaneously-Samsung/dp/B092TN8FWV/
Elec-03,Apple iPad 11-inch A16 Chip 128GB Wi-Fi 6,Electronics,Apple, Amazon India,34400,"11-inch iPad with A16 chip, Liquid Retina display, 12MP front and back cameras, Touch ID, USB-C, and all-day battery. Available in 4 colours.","Chip: A16 | Display: 11"" Liquid Retina | Storage: 128GB–512GB | Camera: 12MP F+R | Wi-Fi 6 | USB-C | Warranty: 1 Year Apple Limited",https://www.amazon.in/Apple-iPad-11%E2%80%B3-Display-All-Day/dp/B0DZ79Q1DB/
Elec-04,Sony WH-CH720N Wireless Noise Cancelling Headphones,Electronics,Sony,Amazon India,8489,"Sony's lightest wireless ANC headband with Integrated Processor V1, 35-hour battery, Adaptive Sound Control, and multi-point Bluetooth pairing.",Driver: 30mm | BT: 5.2 | ANC: Integrated Processor V1 | Battery: up to 35 hrs | Quick Charge: 3 min = 60 min | Weight: 192g | Warranty: 1 Year,https://www.amazon.in/Sony-Cancellation-Headphones-Multi-Point-Connection/dp/B0BS1QCFHX/
Elec-05,Philips TAT1269 True Wireless Earbuds Bluetooth 5.4,Electronics,Philips,Amazon India,999,"Budget TWS earbuds featuring 13mm drivers, Bluetooth 5.4, 40-hour playtime, IPX5 water resistance, and 10-min fast charging via USB-C.",Drivers: 13mm | BT: 5.4 | Playback: 40 hrs total | Fast Charge: 10 min = 100 min | IPX5 | Touch Controls | Voice Assistant | Warranty: 1 Year,https://www.amazon.in/Philips-Bluetooth-Wireless-Assistant-Indicator/dp/B0GK7LB2L2/
Elec-06,Samsung 24-inch FHD Monitor 100Hz LS24F330EAWXXL,Electronics,Samsung,Amazon India,6799,"24-inch VA flat monitor with 1920×1080 FHD resolution, 100Hz refresh, 5ms response time, Eye Saver Mode, and 3-year manufacturer warranty.",Panel: VA | Resolution: 1920×1080 | Refresh: 100Hz | Response: 5ms (GTG) | Ports: D-Sub + HDMI 1.4 | Brightness: 250 cd/m² | Warranty: 3 Years,https://www.amazon.in/Samsung-Monitor-D-Sub-Ports-Viewing/dp/B0G2Y9HDM5/
Elec-07,Samsung Galaxy Tab S10 Lite AI 10.9-inch 6GB 128GB,Electronics,Samsung,Amazon India,34999,"10.9-inch Android tablet with S Pen, 90Hz display, Galaxy AI features, 8000 mAh super-fast charge battery, and IP42 rating.","Display: 10.9"" 90Hz | RAM: 6GB | Storage: 128GB | Battery: 8000 mAh | S Pen Included | IP42 | Wi-Fi | Warranty: 1 Year (Device) + 6 Months (Accessories)",https://www.amazon.in/Samsung-Galaxy-Display-Refresh-Storage/dp/B0FNWNZZ1B/
Elec-08,HAMMER Active Bluetooth Calling Smartwatch IP67,Electronics,HAMMER,Amazon India,1499,"Round-dial smartwatch with Bluetooth calling, rotating crown, SpO2 & HR monitoring, 100+ sport modes, and music control via speaker.","Display: 1.32"" HD 385 PPI | Bluetooth Calling | IP67 | SpO2 & HR | 100+ Sport Modes | Rotating Crown | Warranty: 6 Months (Manufacturing Defects Only)",https://www.amazon.in/Hammer-Active-Bluetooth-Monitoring-Breathing/dp/B09XVCNDGH/
Elec-09,boAt Lunar Vista 1.52-inch Smartwatch AOD 100+ Sports,Electronics,boAt,Amazon India,1599,"Smartwatch featuring 1.52"" HD AuraVue display, Always-On Display, 550 nits brightness, 100+ sports modes, and functional crown navigation.","Display: 1.52"" HD AuraVue | Brightness: 550 nits | AOD | Battery: up to 2 days (AOD on) | HR & SpO2 | IP67 | 100+ Sport Modes | Warranty: 1 Year",https://www.amazon.in/boAt-Advanced-Bluetooth-Functional-Monitoring/dp/B0CF1NTL6M/
Elec-10,SanDisk Cruzer Blade 32GB USB 2.0 Pen Drive,Electronics,SanDisk,Amazon India,739,Ultra-compact 32GB USB 2.0 flash drive with SanDisk SecureAccess software for password-protected file storage.,Capacity: 32GB | Interface: USB 2.0 | Read: up to 70 MB/s | Write: 20 MB/s | OS: Windows & Mac | Warranty: 5 Years Limited,https://www.amazon.in/SANDISK-Cruzer-Pendrive-Warranty-SDCZ50-032G-I35/dp/B005FYNT3G/
Elec-11,HP v236w 64GB Metal USB 2.0 Pen Drive,Electronics,HP,Amazon India,961,"64GB metal-body USB 2.0 pen drive with lidless compact design, anti-fake electronic plating finish, and shock/temperature/vibration resistance.","Capacity: 64GB | Interface: USB 2.0 | Read: 14 MB/s | Write: 4 MB/s | Build: Metal | OS: Windows XP–10, Mac OS 10.3+ | Warranty: 2 Years",https://www.amazon.in/HP-v236w-64GB-USB-Drive/dp/B01L8ZNWN2/
Elec-12,Noise Twist Go Round Dial Smartwatch BT Calling IP68,Electronics,Noise,Amazon India,1599,"Metal-build round smartwatch with 1.39"" display, Bluetooth calling, NoiseFit app, IP68, 100+ sport modes, sleep tracking, and productivity suite.","Display: 1.39"" | Build: Glossy Metal | BT Calling | IP68 | HR, SpO2, Sleep Tracking | 100+ Sports | NoiseFit App | Warranty: 1 Year",https://www.amazon.in/Noise-Smartwatch-Calling-Tracking-Monitoring/dp/B0CQ4JT6NT/
Elec-13,Acer Predator Helios 16 Gaming Laptop i9-14900HX RTX 4070,Electronics,Acer,Amazon India,199990,"16-inch WQXGA gaming laptop with Intel Core i9-14900HX, RTX 4070 8GB, 16GB DDR5, 1TB SSD, 240Hz display, DCI-P3 100%, and Liquid Metal Thermal Grease.","CPU: Intel Core i9-14900HX | GPU: RTX 4070 8GB GDDR6 | RAM: 16GB DDR5 | Storage: 1TB SSD | Display: 16"" 2560×1600 240Hz 500nits DCI-P3 100% | Warranty: 1 Year",https://www.amazon.in/Acer-Predator-Processor-Windows-PH16-72/dp/B0CXPXT4XD/
Elec-14,Apple Magic Keyboard for iPad Pro 13-inch M4 Bluetooth,Electronics,Apple,Flipkart,31599,"Ultra-premium Bluetooth tablet keyboard for iPad Pro 13"" (M4), with standard key layout, 1042g weight, compatible with desktop and laptop use.","Model: MWR53HN/A | Interface: Bluetooth | Size: Standard | Weight: 1042g | Compatible: iPad Pro 13"" M4 | Color: Black | Warranty: 1 Year Apple",https://www.flipkart.com/apple-magic-keyboard-ipad-pro-13-m4-mwr53hn-a-bluetooth-tablet/p/itmb99e11682a772
Elec-15,ASUS ROG Zephyrus G14 AMD Ryzen 7 RTX RX 6700S Gaming Laptop,Electronics,ASUS,Flipkart,83764,"14-inch QHD+ gaming laptop with AMD Ryzen 7 10th Gen, 8GB RX 6700S graphics, 16GB DDR4 RAM, 1TB SSD, Windows 11 + MS Office pre-installed.","CPU: AMD Ryzen 7 Quad Core 10th Gen | GPU: AMD RX 6700S 8GB DDR5 | RAM: 16GB DDR4 | Storage: 1TB SSD | Display: 14"" QHD+ | OS: Win 11 | Battery: ~3 hrs | Warranty: 1 Year",https://www.flipkart.com/asus-amd-ryzen-7-quad-core-10th-gen-16-gb-1-tb-ssd-windows-11-home-8-gb-graphics-nvidia-geforce-rtx-rx-6700s-8gb-ga402rj-l8181ws-gaming-laptop/p/itm44f4f5d2753cd
Elec-16,OnePlus Nord CE4 5G 8GB 256GB Snapdragon 7 Gen 3,Electronics,OnePlus,Flipkart,24999,"Mid-range 5G smartphone with 100W SUPERVOOC fast charging, 5500 mAh battery, Snapdragon 7 Gen 3 processor, and 4-year Battery Health Engine guarantee.","Processor: Snapdragon 7 Gen 3 | RAM: 8GB | Storage: 256GB | Battery: 5500 mAh | Charging: 100W SUPERVOOC | Camera: 50MP | Display: 6.7"" AMOLED 120Hz | Warranty: 1 Year",https://www.flipkart.com/oneplus-nord-ce4-dark-chrome-128-gb/p/itm5a09089114afb
Elec-17,Redmi Pad Pro 5G 12.1-inch 120Hz Snapdragon 7s Gen 2,Electronics,Redmi,Flipkart,26999,"Large 12.1-inch 120Hz 5G tablet with Snapdragon 7s Gen 2, 10,000 mAh battery, quad stereo speakers, Dolby Vision, and 14-hour video playback.","Display: 12.1"" 120Hz Dolby Vision | Processor: Snapdragon 7s Gen 2 | Battery: 10,000 mAh | Speakers: 4x Stereo | 5G | Warranty: 1 Year",https://www.flipkart.com/redmi-pad-pro-5g-8-gb-ram-256-rom-12-1-inch-wi-fi-5g-tablet-graphite-grey/p/itm92e5797ed0e73
Elec-18,Mi Power Bank 3i 20000mAh 18W Fast Charge,Electronics,Xiaomi,Flipkart,2149,"High-capacity 20,000 mAh Lithium-polymer power bank with 18W fast two-way charging, triple output ports, and 12-layer circuit protection.","Capacity: 20,000 mAh | Input/Output: 18W Fast Charge | Ports: 2x USB-A + 1x USB-C | Protection: 12-Layer Circuit | Battery: Li-Polymer | Warranty: 6 Months",https://www.flipkart.com/mi-3i-20000-mah-power-bank-fast-charging-18w/p/itmd42cbbe08e65e
Elec-19,Samsung Galaxy M35 5G 6000mAh 50MP 120Hz sAMOLED,Electronics,Samsung,Amazon India,19999,"5G smartphone designed for heavy users, with 6000 mAh monster battery, 120Hz sAMOLED display, 50MP triple camera, and 4 generations of OS upgrades.","Processor: Exynos 1380 | RAM: 6GB | Storage: 128GB | Battery: 6000 mAh | Camera: 50MP Triple | Display: 6.6"" 120Hz sAMOLED | 5G | Warranty: 1 Year",https://www.amazon.in/Samsung-Daybreak-Storage-Corning-Gorilla/dp/B0D7Z8FJZ9https://www.amazon.in/Samsung-Daybreak-Storage-Corning-Gorilla/dp/B0D7Z8FJZ9
Elec-20,JBL Tune 235NC TWS Active Noise Cancelling Earbuds,Electronics,JBL,Flipkart,3999,"True wireless earbuds with 40dB ANC, JBL Pure Bass sound, 4-mic layout, 40-hour total playback, and Smart Ambient & TalkThru technology.",Drivers: 6mm | ANC: 40dB | Mics: 4 | Playback: 40 hrs total | IPX4 | Bluetooth 5.3 | Smart Ambient Mode | Warranty: 1 Year,https://www.flipkart.com/jbl-tune-230nc-tws-active-noise-cancellation-40hr-playtime-app-speed-charge-bluetooth-headset/p/itmcaa38914a94b9
Elec-21,Lenovo IdeaPad Slim 3 Intel Core i3 12th Gen 8GB 512GB,Electronics,Lenovo,Flipkart,33990,"Thin and light everyday productivity laptop with 12th Gen Intel Core i3, 8GB RAM, 512GB SSD, TÜV Low Blue Light display, and up to 8-hour battery.","CPU: Intel Core i3-1215U 12th Gen | RAM: 8GB | Storage: 512GB SSD | Display: 15.6"" FHD | OS: Windows 11 | Battery: up to 8 hrs | Warranty: 1 Year Onsite",https://www.flipkart.com/lenovo-ideapad-3-core-i3-12th-gen-8-gb-512-gb-ssd-windows-11-home-15iau7-thin-light-laptop/p/itm9d759b3e6f33f
Elec-22,HP Laptop 15s AMD Ryzen 5 16GB 512GB FHD,Electronics,HP,Flipkart,65999,"15.6-inch business-grade laptop with AMD Ryzen 5, 16GB RAM, 512GB SSD, FHD micro-edge display, HP Fast Charge, and flicker-free eye comfort.","CPU: AMD Ryzen 5 7520U | RAM: 16GB | Storage: 512GB SSD | Display: 15.6"" FHD Micro-Edge Anti-Glare | Battery: up to 9 hrs | Warranty: 1 Year",https://www.flipkart.com/hp-15s-amd-ryzen-5-hexa-core-5500u-16-gb-512-gb-ssd-windows-11-home-15s-eq2132au-thin-light-laptop/p/itm72370b6c44940
Elec-23,SanDisk Ultra 128GB MicroSDXC UHS-I A1 140MB/s,Electronics,SanDisk,Amazon India,849,"128GB A1-rated microSD card for fast app loading on Android, with 140MB/s read speed and resistance to water, shock, temperature, and X-ray.","Capacity: 128GB | Speed: up to 140MB/s Read | Class: 10 UHS-I | Rating: A1 App Performance | Resistance: Waterproof, Shockproof, Temperature-proof, X-ray-proof | Warranty: 10 Years Limited",https://www.amazon.in/SanDisk-microSDXC-Adapter-Performance-SDSQUAB-128G-GN6MA/dp/B08GY9NYRM/
Elec-24,Anker PowerCore 10000mAh Compact Power Bank PowerIQ,Electronics,Anker,Amazon India,1999,"Ultra-compact 10,000 mAh power bank (smaller than a credit card in length) with Anker's PowerIQ technology and MultiProtect safety system.","Capacity: 10,000 mAh | Technology: PowerIQ + VoltageBoost | Ports: 2x USB-A | Size: Ultra Compact | Protection: MultiProtect Safety Suite | Warranty: 18 Months",https://www.amazon.in/Anker-PowerCore-10000-Portable-Charger/dp/B0194WDVHI/
Elec-25,Apple iPhone 15 A16 Bionic 48MP Dynamic Island 128GB,Electronics,Apple,Flipkart,54999,"Premium flagship iPhone with A16 Bionic chip, 48MP main camera, Dynamic Island, USB-C connector, Ceramic Shield front glass, and all-day battery.","Chip: A16 Bionic | Storage: 128GB | Camera: 48MP Main + 12MP Ultra-Wide | Display: 6.1"" Super Retina XDR OLED Dynamic Island | Connector: USB-C | Warranty: 1 Year Apple",https://www.flipkart.com/apple-iphone-15-black-128-gb/p/itmbf14ef54f645d
Skin-01,Mamaearth Onion Shampoo 1000ml with Plant Keratin,Skincare / Beauty,Mamaearth,Nykaa,775,"Onion seed oil shampoo enriched with plant keratin and D-Panthenol to reduce hair fall, stimulate growth, and strengthen chemically treated hair.","Volume: 1000ml | Key Ingredients: Onion Oil, Plant Keratin, D-Panthenol | pH Balanced | Sulphate-Free | FSSAI Certified | Shelf Life: 24 Months",https://www.nykaa.com/mamaearth-onion-shampoo/p/3985404
Skin-02,WOW Vitamin C Face Wash 150ml with Silicone Brush,Skincare / Beauty,WOW Skin Science,Amazon India,299,"Brightening gel face wash with activated Vitamin C, lemon & orange essential oils, and built-in silicone brush for deeper pore cleansing.","Volume: 150ml (with brush) | Key Actives: Vitamin C, Lemon EO, Orange EO | Foam Type: Gel | Free From: Parabens, Silicones, Mineral Oil | Dermatologically Tested",https://www.amazon.in/WOW-Science-Brightening-Vitamin-Cleansing/dp/B083BVKZ8X?th=1
Skin-03,Dot & Key Watermelon Hyaluronic Sunscreen SPF 50+ PA++++,Skincare / Beauty,Dot & Key,Brand Website,445,"Lightweight watery sunscreen fluid with SPF 50+ PA++++ protection, Tinosorb M and Zinc Oxide filters, zero white cast, and instant skin-cooling effect.","Volume: 50g | SPF: 50+ | PA Rating: PA++++ | Filters: Tinosorb M, Zinc Oxide | Key Ingredients: Watermelon Extract, Hyaluronic Acid | Free From: White Cast | Dermatologically Tested",https://www.dotandkey.com/products/watermelon-cooling-spf-50-face-sunscreen
Skin-04,The Derma Co 10% Vitamin C Face Serum 30ml,Skincare / Beauty,The Derma Co,Flipkart,615,"Targeted vitamin C serum with 3-O-Ethyl Ascorbic Acid, 5% Niacinamide, and Hyaluronic Acid to fade dark spots and hyperpigmentation within 7 days.","Volume: 30ml | Actives: 10% Vit C (3-O-Ethyl Ascorbic Acid), 5% Niacinamide, Hyaluronic Acid | pH: 5.5–6.5 | Fragrance-Free | Dermatologically Tested",https://www.flipkart.com/derma-co-10-vitamin-c-face-serum-c-5-niacinamide-hyaluronic-acid-fades-dark-spots-reduces-pigmentation-boosts-collagen-brightens-skin-suitable-all-types/p/itm7d2333b1041d7?pid=ATAG3SUKZYVPSNYZ&lid=LSTATAG3SUKZYVPSNYZBS2TWV&marketplace=FLIPKART
Skin-05,Plum Green Tea Pore Cleansing Face Wash 90-100ml,Skincare / Beauty,Plum,Myntra,216,Plum Green Tea Pore Cleansing Face Wash 90-100ml+B31+G31+G31:I31,"Volume: 90-100ml | Type: Soap-Free Gel | Key Ingredients: Green Tea Extract, Glycolic Acid, Cellulose Microbeads | Skin Type: Acne-Prone, Oily | 100% Vegan & Cruelty-Free",https://www.myntra.com/face-wash-and-cleanser/plum/plum-green-tea-pore-cleansing-gel-face-wash-with-glycolic-acid-to-fights-acne--oil--100ml/23644484/buy
Skin-06,Kama Ayurveda Bringadi Intensive Hair Treatment Oil 100ml,Skincare / Beauty,Kama Ayurveda,Flipkart,1495,"Luxury Ayurvedic hair oil blending Bhringraj, Gooseberry, Indigo, and Sesame base oil to clinically reduce hair fall by 61% and restore shine.","Volume: 100ml | Base: Sesame Oil | Key Herbs: Eclipta Alba (Bhringraj), Gooseberry, Indigo, Balloon Vine | Free From: Artificial Colors & Parabens | Clinically Tested",https://www.flipkart.com/kama-ayurveda-bringadi-intensive-hair-treatment-oil/p/itm8e4f397f7d47c
Skin-07,Minimalist 10% Niacinamide + 1% Zinc Face Serum 30ml,Skincare / Beauty,Minimalist,Brand Website,599,"Single-active transparent serum with 10% Niacinamide and 1% Zinc PCA in an aloe vera base to reduce blemishes, acne marks, and pore size in 2 weeks.",Volume: 30ml | Actives: 10% Niacinamide + 1% Zinc PCA | Base: Aloe Vera Juice | pH: 5.5–6.5 | Fragrance-Free | Paraben-Free | Clean Beauty Certified,https://beminimalist.co/products/niacinamide-10-with-matmarine?variant=44802331148449
Skin-08,Lotus Herbals Safe Sun SPF 50 Sunblock 100g,Skincare / Beauty,Lotus Herbals,Flipkart,435,"Daily matte-finish sunblock gel with SPF 50, infused with Birch, Mallow, and Hops herbal extracts for instant tan prevention and UV protection.","Volume: 100g | SPF: 50 | Format: Gel | Key Herbs: Birch Extract, Mallow Extract, Hops Extract | Finish: 100% Matte | Dermatologically Tested",https://www.flipkart.com/lotus-herbals-sunscreen-spf-50-pa-safe-sun-uv-screen-matte-gel/p/itm4d0d1f6a04756
Skin-09,Pilgrim Jeju Volcanic Lava Face Scrub 50g,Skincare / Beauty,Pilgrim,Flipkart,313,"Face scrub with Jeju volcanic ash, White Lotus, and Yugdugu extract targeting deep pore cleansing and dull skin removal. Paraben-free, vegan.","Volume: 50g | Key Ingredients: Volcanic Lava Ash (Jeju), Yugdugu, White Lotus Extract | Paraben-Free | Vegan | Sulfate-Free | Dermatologically Approved",https://www.flipkart.com/pilgrim-volcanic-lava-ash-face-scrub-yugdugu-white-lotus-korean-k-beauty-detox-deep-clean-pores-remove-tan-blackheads-no-paraben-mineral-oil-all-skin-unisex/p/itm81ba64b293223
Skin-10,Khadi Natural Herbal Hair Colour 150g Ammonia-Free,Skincare / Beauty,Khadi Natural,Brand Website,349,"Powdered raw plant-based hair dye made from 100% Henna, Indigo, Amla, and Bhringraj powders. Zero ammonia, zero PPD, zero synthetic developer.","Weight: 150g | Ingredients: 100% Henna Powder, Indigo Powder, Amla, Bhringraj | Free From: Ammonia, PPD, Parabens, Resorcinol | USDA Organic Referenced",https://www.khadinatural.com/products/khadi-herbal-hair-colour-black
Skin-11,Just Herbs Ayurvedic Moisturising Lipstick 4g,Skincare / Beauty,Just Herbs,Nykaa,719,"Herb-infused moisturising lip colour with organic cow ghee, sesame oil, and almond oil base. Claims Ayurvedic purity safe enough to ingest.","Weight: 4g | Key Ingredients: Cow Ghee, Sesame Oil, Sweet Almond Oil, Organic Wax | Free From: Synthetic Chemicals | Ayurveda Certified | Cruelty-Free",https://www.nykaa.com/just-herbs-luxe-satin-melt-high-shine-lipstick/p/21829567?productId=21829567&skuId=21829553&pps=4
Skin-12,Forest Essentials Facial Cleanser Mashobra Honey 200ml,Skincare / Beauty,Forest Essentials,Flipkart,1250,"Ultra-luxury artisanal cold-pressed face wash blending Mashobra honey, Royal Jelly, and Rosewater. No synthetic foaming agents. Handcrafted in India.","Volume: 200ml | Key Ingredients: Mashobra Honey, Lemon EO, Royal Jelly, Rosewater | No Synthetic Foaming Agents (SLS-Free) | Cold-Pressed Process | Ayurveda-Certified",https://www.flipkart.com/forest-essentials-delicate-facial-cleanser-mashobra-honey-lemon-rosewater-face-wash/p/itm7a73900cf889e?pid=CNRDWYVZBH9KDWZG
Skin-13,Aqualogica Glow+ Dewy Sunscreen SPF 50 PA++++ 50g,Skincare / Beauty,Aqualogica,Brand Website,449,"Hydrating sunscreen with Water-Lock technology, Vitamin C, Papaya extract, and Hyaluronic Acid matrix. SPF 50 PA++++, zero white cast, dermatologically tested.","Volume: 50g | SPF: 50 | PA: PA++++ | Technology: Water-Lock | Key Actives: Vitamin C, Papaya, Hyaluronic Acid | No White Cast | Dermatologically Tested for Sensitive Skin",https://aqualogica.in/products/glow-dewy-sunscreen-50g
Skin-14,Cetaphil Gentle Skin Cleanser 118ml Dermatologist Recommended,Skincare / Beauty,Cetaphil,Nykaa,413,"Classic soap-free lotion cleanser for sensitive skin with Niacinamide, Panthenol, and Glycerin. Fragrance-free, non-comedogenic, ophthalmologist tested.","Volume: 118ml | Key Actives: Niacinamide, Panthenol, Glycerin | Soap-Free | Fragrance-Free | Non-Comedogenic | Ophthalmologist Tested | Dermatologically Tested",https://www.nykaa.com/cetaphil-cleansing-lotion/p/22032?productId=22032&pps=1&skuId=22031
Skin-15,mCaffeine Naked Coffee Body Scrub 100g Arabica,Skincare / Beauty,mCaffeine,Brand Website,449,"Exfoliating body scrub made from pure Arabica coffee grounds, cold-pressed coconut oil, and Vitamin E for instant tan removal and 24-hour moisture.","Weight: 100g | Key Ingredients: Arabica Coffee Grounds, Cold-Pressed Coconut Oil, Vitamin E | 100% Vegan | Cruelty-Free | Paraben-Free | Clinically Tested",https://www.mcaffeine.com/products/naked-raw-coffee-body-scrub-with-coconut
Skin-16,Earth Rhythm Cleansing Balm Matcha & Hemp Seed 40g,Skincare / Beauty,Earth Rhythm,Brand Website,259,"Solid-to-oil makeup-melting facial cleansing balm with Matcha Green Tea, Hemp Seed Oil, and plant waxes. 100% organic botanicals in travel-friendly tin.","Weight: 40g | Key Ingredients: Matcha Green Tea, Hemp Seed Oil, Plant Waxes | Format: Solid Balm (Melts to Oil) | Free From: Synthetic Fragrance | Organic Certified | Dermatologically Certified",https://earthrhythm.com/products/matcha-green-tea-cleansing-balm-1
Skin-17,Neutrogena Hydro Boost Water Gel 50g Hyaluronic Acid,Skincare / Beauty,Neutrogena,Tata Cliq,1071,"Lightweight oil-free face gel with Hyaluronic Acid, Olive Extract, and Glycerin complex delivering 72-hour clinically proven hydration for normal to dry skin.","Volume: 50g | Key Actives: Hyaluronic Acid, Olive Extract, Glycerin | Format: Water-Gel | Oil-Free | Non-Comedogenic | Dermatologist Tested | Clinically Proven 72-Hr Hydration",https://www.tatacliq.com/neutrogena-hydro-boost-hyaluronic-acid-water-gel-50-ml/p-mp000000018579598
Skin-18,Re'equil Oxybenzone-Free Sunscreen SPF 50 50g,Skincare / Beauty,Re'equil,Brand Website,337,"Hybrid physical-chemical sunscreen free from oxybenzone, offering SPF 50 PA+++ protection. Coral reef-safe formula, non-greasy, dermatologically tested.","Volume: 50g | SPF: 50 | PA: PA+++ | Filter Type: Physical + Safe Chemical Hybrid | Free From: Oxybenzone, Octinoxate | Dermatologically Tested | Non-Greasy",https://www.reequil.com/products/oxybenzone-free-sunscreen-spf-50-for-oily-acne-prone-skin
Skin-19,Foxtale 2% Salicylic Acid Acne Spot Gel 15ml,Skincare / Beauty,Foxtale,Brand Website,382,"Targeted acne spot gel combining 2% Salicylic Acid, Azelaic Acid, and Tea Tree Extract to rapidly dry down active pimples within 12 hours.","Volume: 15ml | Actives: 2% Salicylic Acid, Azelaic Acid, Tea Tree Extract | Clinically Tested | Fragrance-Free | Non-Drying | Safe for Sensitive Skin",https://shop.foxtale.in/products/acne-spot-corrector-gel?origin=search_query&query=Foxtale+2%25+Salicylic+Acid+Acne
Skin-20,SUGAR Cosmetics Matte Attack Transferproof Lipstick 3.5g,Skincare / Beauty,SUGAR Cosmetics,Myntra,599,High-pigment long-wear matte lipstick with Isododecane fluid matrix and Vitamin E traces for up to 12-hour non-transfer comfortable wear.,Weight: 3.5g | Formula: Isododecane Fluid Matrix | Finish: 100% Matte | Enriched: Vitamin E | Dermatologically Tested | Cruelty-Free | 40+ Shades Available,https://www.myntra.com/lipstick/sugar/sugar-matte-attack-transferproof-lipstick---14-caffeine-bandit/14239498/buy
Skin-21,Aroma Magic Neem & Tea Tree Face Wash 100ml,Skincare / Beauty,Aroma Magic,Flipkart,156,"Aromatherapy-inspired clarifying face wash with Neem Oil, Tea Tree Oil, Lavender Extract, and Lauryl Glucoside. Paraben-free, soap-free, alcohol-free.","Volume: 100ml | Key Oils: Neem, Tea Tree, Lavender | Surfactant: Lauryl Glucoside | Free From: Parabens, Soap, Alcohol | pH Balanced | Aromatherapy Certified",https://www.flipkart.com/aroma-magic-100-ml-neem-face-wash/p/itmf3vd9ym75meas?pid=FCWFU3NFKBTHXGZU&lid=LSTFCWFU3NFKBTHXGZUMIPPYS&marketplace=FLIPKART&q=Aroma+Magic+Neem+%26+Tea+Tree+Face+Wash+100ml&store=g9b%2Fema%2F5la&srno=s_1_2&otracker=search&otracker1=search&fm=Search&iid=15c2e2fc-35e0-48c6-ae94-233acd4a7c51.FCWFU3NFKBTHXGZU.SEARCH&ppt=sp&ppn=sp&ssid=oqr0co6axs0000001781285283933&qH=2673bb74d9bdee14&ov_redirect=true&ov_redirect=true
Skin-22,Organic Harvest Anti-Tan Face Scrub 100g Licorice Daisy,Skincare / Beauty,Organic Harvest,Flipkart,395,"Plant-based certified organic skin polisher with Licorice extract, Daisy flower, and plant cellulose microbeads for instant brightening and tan removal.","Weight: 100g | Key Ingredients: Organic Licorice Extract, Daisy Flower Extract, Plant Cellulose Microbeads | 100% Certified Organic | Cruelty-Free | Vegan | ECOCERT Certified",https://www.flipkart.com/organic-harvest-anti-tan-scrub-liquid-shea-butter-helps-removing-tan-ecocert-peta-certified-paraben-sulphate-free-100gm/p/itm3aabf5bed41a9
Skin-23,Conscious Chemist Alpha Arbutin Pigmentation Cream 50g,Skincare / Beauty,Conscious Chemist,Desertcart,1170,"Corrective spot-treatment cream with Kojic Acid, Alpha Arbutin, and Coenzyme Q10 targeting melasma, dark spots, and post-acne marks in 4 weeks.","Volume: 50g | Actives: Kojic Acid, Alpha Arbutin, Coenzyme Q10 | Free From: Steroids, Hydroquinone | Dermatologically Approved | Clinically Tested | Fragrance-Free",https://www.desertcart.in/products/458052255-trubiom-cream?source=search
Skin-24,Nivea Aloe Vera Deep Moisture Body Lotion 400ml,Skincare / Beauty,Nivea,Amazon India,300,Mass-market body moisturiser with Aloe Vera extracts and Deep Moisture Serum complex for 48-hour clinically proven hydration and instant cooling effect.,"Volume: 400ml | Key Ingredients: Aloe Vera Extract, Deep Moisture Serum | Finish: Lightweight, Non-Greasy | Clinically Tested | Contains Parabens | Dermatologically Tested",https://www.amazon.in/Nivea-Aloe-Hydration-Lotion-400ml/dp/B079KGC4NZ?th=1
Skin-25,Lakme Sun Expert SPF 50 PA+++ Tinted Sunscreen 50ml,Skincare / Beauty,Lakmé,Amazon India,193,"Lightweight tinted sunscreen with SPF 50 PA+++ protection for Indian skin tones, offering UV defense, Vitamin C brightening, and no white cast.",Volume: 50ml | SPF: 50 | PA: PA+++ | Tint: Suitable for Indian Skin Tones | Key Actives: Vitamin C | Free From: White Cast | Dermatologically Tested | Oil-Free,https://www.amazon.in/Lakme-Sun-Expert-Tinted-Sunscreen/dp/B085WJVX7C?th=1
Hlth-01,Complan Nutrition & Health Drink Chocolate 1kg,Health Drinks / Food,Complan,Amazon India,479,Milk-based powder supplement for school-aged children with 51.9% milk solids and 34 vital nutrients claiming 2x faster growth and memory support.,"Weight: 1kg | Key Nutrients: Milk Solids 51.9%, 34 Vital Nutrients incl. DHA, Vitamins A, C, D | Sugar per 100g: 26.8g | FSSAI Certified | Shelf Life: 12 months",https://www.amazon.in/Complan-Refill-1-kg-Chocolate/dp/B00I4S8M82?th=1
Hlth-02,Bournvita Chocolate Health Drink 1kg Refill,Health Drinks / Food,Cadbury Bournvita,Flipkart,430,"Malted chocolate nutrition drink for active children with cereal extract, Vitamins B2, B9, D, calcium, and iron for bone and brain development.","Weight: 1kg | Key Ingredients: Cereal Extract 51%, Sugar, Cocoa Powder, Vitamins B2/B9/D, Calcium, Iron | FSSAI Certified | No Artificial Preservatives",https://www.flipkart.com/bournvita-chocolate-health-drink-1kg-pouch/p/itm15473d5aae00f
Hlth-03,Abbott Ensure Adult Nutrition Powder 400g Vanilla,Health Drinks / Food,Abbott Ensure,Amazon India,615,"Complete balanced adult nutritional supplement with HMB, 32 vital nutrients, and high-quality whey/soy protein for clinically proven muscle strength improvement in 8 weeks.","Weight: 400g | Key Nutrients: HMB (1.5g/serve), 32 Vitamins & Minerals, Whey + Soy Protein | Calories: 220 kcal/serve | Protein: 9g/serve | Suitable: Adults 18+",https://www.amazon.in/Ensure-Complete-Balanced-Nutrition-Strength/dp/B09TB9JKTG?th=1
Hlth-04,GlaxoSmithKline Horlicks Original Malt 1kg,Health Drinks / Food,Horlicks,Amazon India,440,"Traditional malted milk beverage with wheat flour, malted barley, and 23 vital nutrients claiming clinically proven growth for kids – taller, stronger, sharper.","Weight: 1kg | Key Ingredients: Wheat Flour, Malted Barley, Milk Solids, Sugar, 23 Vitamins & Minerals incl. Calcium, Iron, Zinc, Vitamin D | FSSAI Certified",https://www.amazon.in/Horlicks-Nutrition-Supports-Immunity-Holistic/dp/B0BT1JT8BR?th=1
Hlth-05,Amul High Protein Plain Lassi 200ml,Health Drinks / Food,Amul,BigBasket,15,"Ready-to-drink probiotic dairy beverage with 15g milk protein per pack, zero added sugar, and live cultures for gut and immunity support.",Volume: 200ml | Protein: 15g | Sugar: Zero Added (contains natural lactose) | Sweetener: Artificial Sweeteners Present | Calories: ~100 kcal | Live Cultures | Refrigerated Shelf Life: 15 days,https://www.bigbasket.com/pd/323767/amul-lassi-200-ml-carton/
Hlth-06,Yoga Bar Unsweetened Peanut Butter Crunchy 1kg,Health Drinks / Food,Yoga Bar,Amazon India,325,"100% roasted peanut butter with zero added sugar, no emulsifiers, and no hydrogenated fats. High protein, no palm oil, suitable for weight management.","Weight: 1kg | Ingredients: 100% Roasted Peanuts | Protein: ~25g/100g | Free From: Added Sugar, Emulsifiers, Hydrogenated Fats, Palm Oil | Non-GMO | Shelf Life: 6 months",https://www.amazon.in/Yogabar-Crunchy-Peanut-Butter-Protein/dp/B0977BZFLF
Hlth-07,Abbott PediaSure Premium Nutrition 400g Chocolate,Health Drinks / Food,Abbott PediaSure,Flipkart,720,"Pediatrician-recommended complete nutrition powder for picky eaters with 37 vital nutrients, Arginine, Vitamin K2 for visible growth in 90 days.","Weight: 400g | Key Nutrients: 37 Vitamins & Minerals, Arginine, Vitamin K2, Calcium, Selenium | Calories: 100 kcal/serve | Contains Maltodextrin & Sugar | Clinically Tested",https://www.amazon.in/PediaSure-Health-Nutrition-Powder-Growth/dp/B00IFWDZHA
Hlth-08,Protinex Tasty Chocolate Nutrition Drink 400g,Health Drinks / Food,Protinex,Amazon India,650,"High-protein adult nutritional powder with peanut protein hydrolysate base, 34% higher protein than regular supplements, vitamins, and iron for fatigue reduction.","Weight: 400g | Protein: 34% More than Regular | Base: Peanut Protein Hydrolysate | Key Nutrients: Iron, Vitamins B1, B2, B6, B12, D | Sugar Content: Moderate",https://www.amazon.in/Protinex-400-g-Tasty-Chocolate/dp/B01MS489AE?th=1
Hlth-09,Saffola FITTIFY Rolled Oats 1kg Plain,Health Drinks / Food,Saffola,Flipkart,219,"100% natural whole rolled oats rich in dietary fibre and Beta-Glucan for managing cholesterol, blood sugar, and body weight. Gluten-tested.","Weight: 1kg | Type: 100% Natural Rolled Oats | Key Nutrient: Beta-Glucan (soluble fibre) | Free From: Added Flavours, Preservatives | FSSAI Certified | Gluten-Tested",https://www.flipkart.com/saffola-instant-rolled-oats-1kg-300g-soft-creamy-protein-iron-fibre-pouch/p/itm6633871e232b2
Hlth-10,Dabur Honey 100% Pure NMR Tested 1kg Squeeze Bottle,Health Drinks / Food,Dabur,Amazon India,392,"1kg pure honey in a squeeze bottle, NMR-tested for purity verification, rich in natural antioxidants and enzymes. Claims zero added sugar and immunity boost.","Weight: 1kg | Format: Squeeze Bottle | Purity Test: NMR (Nuclear Magnetic Resonance) Certified | Free From: Added Sugar, Additives | Natural Antioxidants | FSSAI Certified",https://www.amazon.in/Dabur-100-Pure-Honey-Extra/dp/B07H6NMLY9/ref=sr_1_2_in_f3_0o_fs_sspa?adgrpid=1316117023909683&dib=eyJ2IjoiMSJ9.bVRrqoMXEXyn3XxhbfucRqUwUsTvBZhf_Yq3f3lwzBuXEmM8go7MBZNlnRaQHHIY-rCPaJR1ptp2RlkV3XByTqBuoRtQ6TKXJmhjM-AUF_cayIowIvTgpZN_XtBGngV7PnTTkuXJsBAO2URbpVsqqs4nrxl3XU8f-_OdC_R8qhFEMcIyTRWvw5oa_FTTV72I8LWX50qJt__N58zLd6w6m3TxgHyxHHpt121egNHnRka7vj8v6ee1hjMhRh7sxJW5Ko3G7gx29Yj-O2IWM6ecxNwYdlVPiFL4eVSX6jic55Y.b8XBX_BnZSRlAXS_Pldjq--HDCPVA9RKa4s7xQRF1CY&dib_tag=se&hvadid=82257581323534&hvbmt=bb&hvdev=c&hvlocphy=158604&hvnetw=o&hvqmt=b&hvtargid=kwd-82258188398857%3Aloc-90&hydadcr=5871_2377703&keywords=honey%2B1kg%2Boffer%2Bdabur&mcid=a2b9d4c251c234dea9fb3cc61f5e701a&msclkid=d33d2a7c298e130f667040507a089488&qid=1781289866&sr=8-2-spons&aref=JqjQDsSAoe&sp_csd=d2lkZ2V0TmFtZT1zcF9hdGY&th=1
Hlth-11,Aashirvaad Atta with Multigrains 5kg,Health Drinks / Food,Aashirvaad,BigBasket,263,"Fortified multi-grain wheat flour blending wheat, soy, oats, maize, ragi, and chana for high dietary fibre, digestive health, and sustained energy.","Weight: 5kg | Grain Blend: Wheat 90.9%, Soy, Oats, Maize, Ragi, Chana | Fortified With: Iron, Folic Acid, Vitamin B12 | FSSAI Certified | No Preservatives",https://www.bigbasket.com/pd/126903/aashirvaad-atta-whole-wheat-5-kg-pouch/?nc=cl-prod-list&t_pos_sec=1&t_pos_item=1&t_s=Atta%252FGodihittu+-+Whole+Wheat
Hlth-12,Tata Tea Premium CTC Blend 1kg,Health Drinks / Food,Tata Tea,Flipkart,711,"Everyday household CTC black tea blend with large orthodox tea leaves for a rich, full-bodied cup. Claims natural immunity-boosting properties of tea polyphenols.","Weight: 1kg | Type: CTC + Orthodox Blend | Key Compounds: Polyphenols, Flavonoids, Catechins | Caffeine: Present | FSSAI Certified | No Artificial Additives",https://www.flipkart.com/tata-tea-premium-blend-pouch/p/itmfd2hzmszexc95
Hlth-13,Boost Sports & Nutrition Drink 1kg Chocolate,Health Drinks / Food,Boost,Amazon India,380,"Malted chocolate energy drink for active children with Malted Barley, Wheat, and Vitamins B1, B2, B6 claiming 3x more stamina through scientific formulation.","Weight: 1kg | Key Ingredients: Malted Barley, Wheat, Cocoa Solids, Sugar, Vitamins B1/B2/B6 | Energy: 387 kcal/100g | FSSAI Certified",https://www.amazon.in/Boost-Health-Energy-Sports-Nutrition/dp/B004W5SR4K?th=1
Hlth-14,MuscleBlaze Biozyme Whey Protein Isolate 1kg,Health Drinks / Food,MuscleBlaze,Flipkart,4999,"Premium whey protein isolate with Enhanced Absorption Formula (EAF) enzymes, clinically proven to deliver 50% higher protein absorption and reduce bloating.",Weight: 1kg | Protein: 27g/serve | Type: Whey Isolate | Technology: EAF (Enhanced Absorption Formula) | Calories: 120 kcal/serve | FSSAI & BSCG Certified | Sugar-Free,https://www.flipkart.com/muscleblaze-biozyme-whey-protein-isolate-rich-milk-chocolate-1-kg/p/itm47e7c4dd881f2
Hlth-15,Real Activ Orange 100% Juice No Added Sugar 1L,Health Drinks / Food,Real,BigBasket,112,"Tetra-pack 100% fruit juice with no added sugar, no preservatives (claimed), made from orange juice concentrate with pulp. Vitamin C enriched.",Volume: 1L | Type: 100% Orange Juice from Concentrate | Sugar: No Added Sugar (natural fruit sugars present) | Vitamin C Enriched | FSSAI Certified | Shelf Life: 6 months,https://www.bigbasket.com/pd/265910/real-activ-fruit-beverage-veggieorange-carrot-no-added-sugars-preservatives-1-l/?nc=cl-prod-list&t_pos_sec=1&t_pos_item=1&t_s=Fruit%252B+Beverage+-+Veggie%252COrange+%2526+Carrot+%252C+No+Added+Sugars+%2526+Preservatives
Hlth-16,Kellogg's Corn Flakes with Real Almonds 1000g,Health Drinks / Food,Kellogg's,Flipkart,675,"Ready-to-eat breakfast cereal with sliced real almonds, honey glaze, and malt extract, fortified with iron, vitamins B1, B2, B3, B6, B12, C, and D.","Weight: 1000g | Key Ingredients: Corn Grits, Sugar, Real Almond Slices 10%, Honey, Malt Extract | Fortified: Iron, Vitamins B+C+D | Zero Fat | FSSAI Certified",https://www.flipkart.com/kellogg-s-corn-flakes-real-almond-honey-1-kg-pouch/p/itm3c075e8bbd091
Hlth-17,Yakult Probiotic Fermented Milk Drink Pack of 5,Health Drinks / Food,Yakult,BigBasket,90,Fermented probiotic dairy shots with 6.5 billion Lactobacillus casei Shirota bacteria per bottle for improved gut digestion and enhanced immune function.,Pack: 5×65ml | Key Probiotic: Lactobacillus casei Shirota | Count: 6.5 Billion per bottle | Sugar: ~11.5g/bottle | Calories: 50 kcal/bottle | Refrigerated Required,https://www.bigbasket.com/pd/292620/yakult-probiotic-health-drink-325-ml-pouch/?nc=cl-prod-list&t_pos_sec=1&t_pos_item=1&t_s=Probiotic+Fermented+Milk+Drink
Hlth-18,Epigamia High Protein Greek Yogurt Strawberry 85g,Health Drinks / Food,Epigamia,BigBasket,55,"Strained Greek yogurt cup with real strawberry pieces, zero added sugar, and 3x more protein than regular dahi for gut immunity and active recovery.",Weight: 85g | Protein: ~10g/cup | Sugar: Zero Added | Contains: Live Active Cultures | Key Flavour: Real Strawberry Pieces | Calories: ~90 kcal | Refrigerated,https://www.bigbasket.com/pd/40046548/epigamia-greek-yogurt-strawberry-90-g-cup/?nc=cl-prod-list&t_pos_sec=1&t_pos_item=2&t_s=Strawberry+Greek+Yogurt
Hlth-19,Lipton Pure Green Tea 100 Tea Bags,Health Drinks / Food,Lipton,Flipkart,446,Non-fermented green tea bags rich in natural catechins and antioxidants. Zero calories when consumed without milk or sugar. Claims metabolism-boosting fat-burn.,"Count: 100 Tea Bags | Type: 100% Non-Fermented Green Tea Leaves | Key Compounds: Catechins, EGCG, Antioxidants | Calories: Zero (without additives) | Caffeine: ~30mg/cup",https://www.flipkart.com/lipton-green-tea-pure-light-freshly-packed-pack-100-bags-bags-box/p/itmb33a5dce95e00
Hlth-20,Alpino Natural Peanut Butter Crunchy No Added Salt 1kg,Health Drinks / Food,Alpino,Flipkart,390,"Gym-grade unsweetened peanut butter made purely from 100% roasted peanuts with zero added salt, no hydrogenated oils, and no preservatives.","Weight: 1kg | Ingredients: 100% Roasted Peanuts | Protein: ~24g/100g | Free From: Added Salt, Sugar, Hydrogenated Oils, Preservatives | Non-GMO | Vegan | Clean Label",https://www.flipkart.com/alpino-natural-peanut-butter-crunch-unsweetened-1-kg/p/itma84f469f06033
Hlth-21,Nescafe Classic Instant Coffee 100g Glass Jar,Health Drinks / Food,Nescafé,Amazon India,409,"Pure soluble instant coffee from 100% Robusta and Arabica beans blend with rich complex aroma, no artificial flavours or preservatives.",Weight: 100g | Type: 100% Pure Instant Coffee Powder | Bean Blend: Robusta + Arabica | Caffeine: ~65mg/cup | No Artificial Flavours | No Preservatives | FSSAI Certified,https://www.amazon.in/Nescaf%C3%A9-Classic-Coffee-100g-Glass/dp/B00VK0FTP0
Hlth-22,Britannia NutriChoice Digestive Zero Sugar Biscuits 366g,Health Drinks / Food,Britannia,Flipkart,95,"High-fibre baked digestive biscuits with whole wheat and wheat bran, using Maltitol as sweetener. Zero added sugar, suitable for diabetic snacking.","Weight: 366g | Key Ingredients: Whole Wheat Flour 40%, Vegetable Oil, Wheat Bran 4.5%, Maltitol (sweetener) | Free From: Added Sugar | High Dietary Fibre | FSSAI Certified",https://www.flipkart.com/britannia-nutri-choice-digestive-zero-sugar-free-high-fiber-biscotti-biscuit/p/itm08497466fc4f7
Hlth-23,Dabur Chyawanprash 2X Immunity 1kg,Health Drinks / Food,Dabur,Amazon India,493,"Traditional Ayurvedic immunity-boosting formulation with 40+ herbs including Amla (Vitamin C), Ashwagandha, Shatavari, and Giloy for strength and vitality.","Weight: 1kg | Key Herbs: Amla (Vit C), Ashwagandha, Giloy, Shatavari, Brahmi | 40+ Herbs & Minerals | Sugar & Sugar-Free variants | AYUSH Ministry Certified | FSSAI Certified",https://www.amazon.in/Dabur-Chyawanprash-2X-Immunity-1kg/dp/B08GC2FYZ3
Hlth-24,Quaker Oats Plain Rolled 2kg,Health Drinks / Food,Quaker,BigBasket,320,"Plain rolled oats with 100% whole grain goodness, rich in Beta-Glucan soluble fibre, clinically proven to reduce bad cholesterol and manage blood sugar.","Weight: 2kg | Type: 100% Whole Grain Rolled Oats | Key Nutrient: Beta-Glucan Soluble Fibre | Free From: Added Sugar, Salt, Artificial Additives | Gluten-Free Oats | FSSAI Certified",https://www.bigbasket.com/pd/40091105/quaker-rolled-oats-rich-in-protein-nutritious-easy-to-cook-2-kg/?nc=cl-prod-list&t_pos_sec=1&t_pos_item=1&t_s=Rolled+Oats
Hlth-25,Hershey's Chocolate Syrup Fat-Free 600g,Health Drinks / Food,Hershey's,Amazon India,192,"Fluid chocolate drizzle sauce for desserts and beverages made with cocoa powder, sugar, and xanthan gum. Claims genuine chocolate flavour and zero fat content.","Weight: 600g | Key Ingredients: Liquid Sugar, Water, Cocoa Powder (2%), Xanthan Gum, Natural Flavour | Fat: 0g per 2 tbsp serving | Sugar per serving: 11g | FSSAI Certified",https://www.amazon.in/Hersheys-Chocolate-Syrup-623g/dp/B00KX0I112?th=1
Sust-01,The Tribe Concepts Shampoo Powder 150g Zero Waste,Sustainable Products,The Tribe Concepts,Myntra,519,"Powdered herbal shampoo with Shikakai, Organic Soapberries, Fenugreek, Amla, and Hibiscus sourced from tribal forests. Zero-waste plastic-free packaging.","Weight: 150g | Key Ingredients: Shikakai, Organic Soapberries, Fenugreek, Amla, Hibiscus | Packaging: 100% Plastic-Free Paper | Free From: Sulphates, Parabens, Silicones | Cruelty-Free",https://www.myntra.com/shampoo/the-tribe-concepts/the-tribe-concepts-shampoo-powder/19877942/buy
Sust-02,EcoLink Bamboo Toothbrush Pack of 4 Charcoal Bristles,Sustainable Products,EcoLink,Amazon India,199,Eco-friendly manual toothbrush set with natural Moso bamboo handles and charcoal-infused nylon bristles designed to biodegrade and replace plastic.,Pack: 4 Toothbrushes | Handle: 100% Natural Moso Bamboo | Bristles: Charcoal-Infused Nylon (BPA-Free) | Packaging: Recycled Paper | Certifications: FSC Bamboo,https://www.amazon.in/Friendly-Toothbrush-Bristle-Charcoal-Sustainable/dp/B0GPZ6GWSY
Sust-03,Beco Bamboo Kitchen Towels 3 Rolls 60 Sheets Each,Sustainable Products,Beco,Flipkart,153,"Reusable kitchen wipes made from 100% organic bamboo fibre pulp. Each sheet replaces up to 60 paper towels, washable 100 times, fully compostable.","Pack: 2 Rolls | Sheets per Roll: 60 | Material: 100% Organic Bamboo Fibre Pulp | Reusable: Up to 100 washes per sheet | Compostable | Free From: Bleach, Dyes",https://www.flipkart.com/beco-bamboo-kitchen-towel-ecofriendly-tissue-rolls-60-pulls-each-pack-4/p/itmccb87f9b8c145
Sust-04,Organic India Tulsi Original Green Tea 25 Bags,Sustainable Products,Organic India,Amazon India,217,USDA Organic certified herbal tea with fresh Tulsi and Organic Green Tea leaves grown using biodynamic agriculture. Claims immunity boost and stress relief.,"Count: 25 Tea Bags | Key Ingredients: Organic Tulsi (Holy Basil), Organic Green Tea | Certifications: USDA Organic, FSSAI Organic | Free From: Artificial Flavours | Biodynamic Farming",https://www.amazon.in/Organic-India-Tulsi-Green-Bags/dp/B00AHUER16
Sust-05,Sirona Biodegradable Sanitary Pads XL Pack of 10,Sustainable Products,Sirona,Nykaa,139,"Feminine hygiene pads made from Bamboo fibre and Corn starch, completely biodegradable, chlorine-free, and rash-free for sensitive skin.","Pack: 10 Pads (XL) | Material: Bamboo Fibre Core + Corn Starch Outer | Free From: Chlorine, Dioxins, Synthetic Fragrances | Hypoallergenic | Biodegradable Time: ~2 years vs 500 for plastic",https://www.nykaa.com/sirona-cottony-soft-rash-free-sanitary-pads-for-women-pack-of-10-xl-size-highly-absorbency/p/6993346?productId=6993346&pps=6
Sust-06,Bare Necessities Zero Waste Handwash Powder Refill 25g,Sustainable Products,Bare Necessities,Brand Website,190,"Zero-waste dry concentrate handwash that mixes with water at home. Coconut-derived surfactants, essential oils, and no plastic bottle waste.","Weight: 25g (makes 250ml liquid) | Surfactants: Coconut-Derived | Key EOs: Tea Tree, Lavender | Packaging: Compostable Paper Sachet | Carbon Neutral Shipping | Cruelty-Free & Vegan",https://barenecessities.in/products/handwash-powder-zerowaste-refill-packs?variant=44174360314102
Sust-07,Coirfit Eco-Lux 5-inch Rubberized Coir Mattress Queen,Sustainable Products,Coirfit,Amazon India,9357,"Natural coconut coir mattress with rubberized coir core and organic cotton quilting. 100% biodegradable construction, toxin-free, and eco-certified.","Size: Queen (60""×78"") | Thickness: 5 inch | Core: Natural Rubberized Coir | Cover: Organic Cotton Quilting | Free From: Synthetic Foam, Chemical Fire Retardants | Eco Certified",https://www.amazon.in/Coirfit-Rubberised-Mattress-Off-White-75x60x5/dp/B010DUFZ06?th=1
Sust-08,Earthy Sapo Neem & Coconut Oil Laundry Bar 150g,Sustainable Products,Earthy Sapo,Brand Website,225,"Cold-processed artisanal soap laundry bar with saponified Coconut Oil, Neem Oil, Reetha, and Lemon Oil. Zero synthetic detergents, greywater-safe.","Weight: 150g | Method: Cold-Process Saponification | Key Oils: Coconut Oil, Neem Oil, Reetha, Lemon EO | Free From: Synthetic Detergents, Phosphates, SLS | Biodegradable | Greywater Safe",https://earthysapo.com/collections/on-sale/products/neem-special-cleansing-anti-infective-bathing-soap-100g?variant=53192784937326
Sust-09,SoulTree Certified Natural Ayurvedic Mascara 6g,Sustainable Products,SoulTree,Amazon India,1595,"Natural eye mascara with Black Seed Oil, Organic Castor Oil, Damask Rose, and natural carbon black. BDIH Germany certified natural cosmetic.","Weight: 6g | Key Ingredients: Black Seed Oil, Organic Castor Oil, Damask Rose Extract, Natural Carbon Black | Certification: BDIH Germany | Free From: Synthetic Polymers, Parabens | Cruelty-Free",https://www.amazon.in/SoulTree-Ayurvedic-Mascara-Black-Colour/dp/B07GJJLQL1?th=1
Sust-10,Phool Co Natural Incense Sticks from Temple Flowers Pack of 40,Sustainable Products,Phool,Brand Website,245,Charcoal-free incense sticks made from upcycled temple flowers collected from holy rivers. Natural essential oils and zero toxic charcoal binding.,"Pack: 40 Sticks | Material: Upcycled Temple Flowers, Natural Essential Oils | Free From: Charcoal, Synthetic Binders, Toxic Chemicals | Social Impact: Employs Women Artisans | Patented Process",https://phool.co/collections/refill-packs/products/phool-natural-incense-sticks-refill-pack-white-cedar
Sust-11,Sunflowers Biodegradable Eco-Friendly Phone Case,Sustainable Products,A Green Co.,Brown Living,899,"Phone case made from wheat straw, offering durable smartphone protection while being fully biodegradable and compostable at end of life.","Material: Wheat Straw | ASTM-D6400 Certified | Compatible with Wireless Charging | Shelf Life: 730 Days | Packaging: Recycled Paper Shreddings, 100% Plastic-Free",https://brownliving.in/products/sunflowers-biodegradable-eco-friendly-phone-case-mobile-cover?variant=41642632872111
Sust-12,Almitra Sustain Organic Neem Wood Comb Wide Tooth,Sustainable Products,Almitra Sustain,Brand Website,250,"Wide-tooth hair comb crafted from scrap neem timber, naturally anti-fungal and anti-bacterial. Unvarnished finish, biodegradable alternative to plastic.","Material: 100% Natural Neem Wood (scrap timber) | Finish: Unvarnished Natural Polish | Type: Wide Tooth | Biodegradable | Free From: Chemical Coating, Plastic | Handcrafted",https://almitrasustainables.com/products/neem-wood-hair-comb-handle?_pos=2&_sid=48c3561ac&_ss=r
Sust-13,Rusabl Stainless Steel Drinking Straws Set of 4 with Brush,Sustainable Products,Rusabl,Amazon India,202,"Set of 4 food-grade 304 stainless steel reusable straws with cleaning brush, designed as a zero-waste alternative to single-use plastic straws.",Pack: 4 Straws + 1 Cleaning Brush | Material: 304 Food-Grade Stainless Steel | BPA-Free | Dishwasher Safe | Width: 6mm | Length: 21.5cm | Rust-Resistant | Reusable: Lifetime,https://www.amazon.in/Minimo-Reusable-Stainless-Steel-Straws/dp/B07KQYD7C1?th=1
Sust-14,True Frog Anti-Dandruff Black Pepper Shampoo 250ml,Sustainable Products,True Frog,Amazon India,478,"Eco-conscious therapeutic shampoo with Black Pepper and Inga Alba bark extracts. PEG-free, 100% biodegradable active matrix. Vegan & cruelty-free certified.","Volume: 250ml | Key Actives: Black Pepper Extract, Inga Alba Bark Extract | Free From: PEG, Parabens, Sulphates, Silicones | 100% Biodegradable Matrix | Vegan & Cruelty-Free | PETA Certified",https://www.amazon.in/TRue-FRoG-Dandruff-Sulphate-Straight/dp/B08M3SLP6G?th=1
Sust-15,Carmesi Eco-Friendly Sanitary Disposal Bags Pack of 30,Sustainable Products,Carmesi,Nykaa,331,"Oxo-biodegradable sanitary waste disposal bags made from recyclable Kraft paper. Tamper-proof, leak-proof, and 100% eco-certified for responsible disposal.","Pack: 30 Bags | Material: Recycled Kraft Paper | Degradation: Oxo-Biodegradable | Leak-Proof: Yes | Tamper-Proof: Yes | Free From: Plastic Film, Toxins | FSSAI Eco Certified",https://www.nykaa.com/carmesi-sensitive-sanitary-pads-for-rash-free-periods-xl-30-pcs/p/1003554?productId=1003554&pps=1
Sust-16,Ecoware Sugarcane Bagasse Biodegradable Plates 11-inch Pack of 50,Sustainable Products,Ecoware,Brand Website,390,"Compostable disposable plates pressed from 100% sugarcane bagasse (agricultural waste), CPCB certified, composting in 90 days.","Pack: 50 Plates | Size: 10-inch Round | Material: 100% Sugarcane Bagasse (Pulp) | Composting Time: ~90 days in soil | CPCB Certified | Free From: Plastic, Styrofoam | Microwave Safe",https://www.ecoware.in/products/11-inch-round-plate?_pos=1&_sid=727a1d9af&_ss=r&variant=45106493849777
Sust-17,Bamboo Cotton Ear Swabs,Sustainable Products,ONEarth,Brown Living,149,"Eco-friendly ear swabs made with bamboo sticks and cotton tips, offering a sustainable alternative to plastic earbuds.",Pack Size: 80 Buds | Stick Material: Bamboo | Tip Material: Cotton | Packaging: Recycled Paper Cardboard Box & Paper Tape | Shelf Life: 365 Days,https://brownliving.in/products/bamboo-cotton-ear-swabs-1?_pos=1&_fid=6e2b140f8&_ss=c
Sust-18,Koparo Plant-Based Dish Wash Liquid Lime 750ml,Sustainable Products,Koparo,Amazon India,134,"Non-toxic plant-based dishwash liquid derived from coconut oil and citrus peels with Lime EO. Safe for baby bottles, no synthetic dyes, phosphate-free.","Volume: 750ml | Surfactants: 100% Coconut Oil-Derived | Key EO: Lime Essential Oil | Free From: Synthetic Dyes, Phosphates, Chlorine, SLS | Biodegradable | Safe for Baby Bottles",https://www.amazon.in/Koparo-Organic-Dishwash-Fragrance-Eco-Friendly/dp/B08FR64SSH?ref_=ast_sto_dp
Sust-19,Visakha 100% Organic Cotton Canvas Tote Bag 15x16 inch,Sustainable Products,Visakha,Flipkart,150,"Unbleached 100% certified organic cotton canvas tote bag with reinforced box stitching. Washable, infinitely reusable, replaces hundreds of plastic bags.",Size: 15×16 inches | Material: 100% Unbleached Organic Cotton Canvas | Certification: GOTS (Global Organic Textile Standard) | Handle: 22-inch Cotton Rope | Washable: Machine Washable,https://www.flipkart.com/visakha-organic-cotton-tote-bag/p/itm4012cde
Sust-20,Unifosity Compostable Corn Starch Trash Bags Medium ,Sustainable Products,Unifosity,Amazon India,134,"Household trash bags made from Corn starch blended Poly-Lactic Acid (PLA). Certified compostable, zero plastic traces, and biodegrades cleanly into humus.","Pack: 17"" x 19"" | Material: Corn Starch + PLA (Poly-Lactic Acid) | Certification: OK Compost Home Certified | Degradation: 180 days in composting conditions | Free From: Conventional Plastic",https://www.amazon.in/Unifosity-Green-Compostable-Starch-Garbage/dp/B0GY4FMBXN
Sust-21,Neeman's ReRelish Eco Sneakers Recycled PET Bottle,Sustainable Products,Neeman's,Brand Website,3199,"India's first casual lifestyle sneaker with upper made from 100% recycled PET bottles, natural rubber sole, and castor bean oil insole. Eco-certified footwear.",Upper: 100% Recycled PET Bottle Fabric | Sole: Natural Rubber | Insole: Castor Bean Oil-Based | Each Pair: Uses 7 Recycled PET Bottles | Available: Sizes 6–11 | Certification: GRS (Global Recycled Standard),https://neemans.com/products/duoform-sneakers-for-men-ecru
Sust-22,Organics Khadi Cotton Indigo Hand-Woven Shirt,Sustainable Products,Organics,Brand Website,1200,Traditional hand-spun Khadi cotton casual shirt dyed with organic vegetable indigo. Zero carbon footprint hand-weaving and solar-powered Khadi production.,Material: 100% Hand-Spun Khadi Cotton | Dye: Organic Vegetable Indigo | Process: Hand-Woven (No Electricity) | Certification: Khadi India Certified | Available: S–XXL | Care: Hand Wash Only,https://www.organicssite.com/product-page/white-short-khadi-kurta-for-men
Sust-23,Satopradhan Natural Bioenzyme Toilet Cleaner 750ml/1.9L,Sustainable Products,Satopradhan,Brand Website,195,"Plant-enzyme based toilet and surface cleaner with temple flower extracts, zero harsh chemicals, and 100% biodegradable formula safe for septic systems.","Volume: 750ml/1.9L | Bio-Enzymes, Citric Acid, Acetic Acid, Essential Oils | Shelf Life: 9 Months | NABL Tested | Free From HCL, Bleach, Ammonia, Phosphates & Synthetic Fragrances | Upcycled Packaging",https://satopradhan.com/products/eco-friendly-toilet-cleaner
Sust-24,Beco Bamboo Toilet Paper 3-Ply Pack of 4 Rolls,Sustainable Products,Beco,Amazon India,299,"Soft 3-ply toilet paper rolls made from 100% organic bamboo fibre. FSC-certified bamboo, plastic-free packaging, fragrance-free, and 100% biodegradable.","Pack: 4 Rolls (220 Sheets/roll) | Material: 100% Organic Bamboo Fibre | Ply: 3-Ply Soft | Certification: FSC Bamboo Certified | Packaging: 100% Plastic-Free Paper Wrap | Free From: Bleach, Fragrance",https://www.amazon.in/Beco-Bamboo-Natural-Unbleached-Eco-Friendly/dp/B07PGP9H8L?th=1
Sust-25,Bamboo Bath Towel for Adults (600 GSM),Sustainable Products,Kind of Earthy,Brown Living,729,"Bamboo fibre bath towel designed for superior absorbency, quick drying, and everyday comfort. Soft, breathable, and suitable for sensitive skin.",Material: Bamboo Fibre | Size: 140 × 70 cm | GSM: 600 | Weight: 300g | Packaging: Kraft Paper Bag | Hypoallergenic | Quick Dry,https://brownliving.in/products/bamboo-bath-towel-for-adults-600-gsm-absorbent-quick-dry-light
